{
  "id": 1,
  "title": "New dashboard",
  "originalTitle": "New dashboard",
  "tags": [],
  "style": "dark",
  "timezone": "browser",
  "editable": true,
  "hideControls": false,
  "sharedCrosshair": false,
  "rows": [
    {
      "collapse": false,
      "editable": true,
      "height": "250px",
      "panels": [
        {
          "aliasColors": {
            "fs_usage.mean": "#BF1B00"
          },
          "bars": false,
          "datasource": null,
          "editable": true,
          "error": false,
          "fill": 2,
          "grid": {
            "leftLogBase": 1,
            "leftMax": null,
            "leftMin": null,
            "rightLogBase": 1,
            "rightMax": null,
            "rightMin": null,
            "threshold1": null,
            "threshold1Color": "rgba(216, 200, 27, 0.27)",
            "threshold2": null,
            "threshold2Color": "rgba(234, 112, 112, 0.22)"
          },
          "id": 1,
          "interval": ">180s",
          "isNew": true,
          "legend": {
            "avg": false,
            "current": false,
            "max": false,
            "min": false,
            "show": true,
            "total": false,
            "values": false
          },
          "lines": true,
          "linewidth": 3,
          "links": [],
          "nullPointMode": "connected",
          "percentage": false,
          "pointradius": 5,
          "points": false,
          "renderer": "png",
          "seriesOverrides": [],
          "span": 6,
          "stack": false,
          "steppedLine": false,
          "targets": [
            {
              "dsType": "influxdb",
              "groupBy": [
                {
                  "params": [
                    "$interval"
                  ],
                  "type": "time"
                },
                {
                  "params": [
                    "null"
                  ],
                  "type": "fill"
                }
              ],
              "measurement": "fs_limit",
              "query": "SELECT mean(\"value\") FROM \"fs_limit\" WHERE $timeFilter GROUP BY time($interval) fill(null)",
              "rawQuery": true,
              "refId": "A",
              "resultFormat": "time_series",
              "select": [
                [
                  {
                    "params": [
                      "value"
                    ],
                    "type": "field"
                  },
                  {
                    "params": [],
                    "type": "mean"
                  }
                ]
              ],
              "tags": []
            },
            {
              "dsType": "influxdb",
              "groupBy": [
                {
                  "params": [
                    "$interval"
                  ],
                  "type": "time"
                },
                {
                  "params": [
                    "null"
                  ],
                  "type": "fill"
                }
              ],
              "measurement": "fs_usage",
              "query": "SELECT mean(\"value\") FROM \"fs_usage\" WHERE $timeFilter GROUP BY time($interval) fill(null)",
              "rawQuery": true,
              "refId": "B",
              "resultFormat": "time_series",
              "select": [
                [
                  {
                    "params": [
                      "value"
                    ],
                    "type": "field"
                  },
                  {
                    "params": [],
                    "type": "mean"
                  }
                ]
              ],
              "tags": []
            }
          ],
          "timeFrom": null,
          "timeShift": null,
          "title": "Filesystem Limit/Usage",
          "tooltip": {
            "shared": false,
            "value_type": "cumulative"
          },
          "type": "graph",
          "x-axis": true,
          "y-axis": true,
          "y_formats": [
            "bytes",
            "bytes"
          ]
        },
        {
          "title": "CPU Usage",
          "error": false,
          "span": 6,
          "editable": true,
          "type": "graph",
          "isNew": true,
          "id": 2,
          "datasource": null,
          "renderer": "flot",
          "x-axis": false,
          "y-axis": true,
          "y_formats": [
            "hertz",
            "hertz"
          ],
          "grid": {
            "leftLogBase": 1,
            "leftMax": null,
            "rightMax": null,
            "leftMin": null,
            "rightMin": null,
            "rightLogBase": 1,
            "threshold1": null,
            "threshold2": null,
            "threshold1Color": "rgba(216, 200, 27, 0.27)",
            "threshold2Color": "rgba(234, 112, 112, 0.22)"
          },
          "lines": true,
          "fill": 1,
          "linewidth": 2,
          "points": false,
          "pointradius": 5,
          "bars": false,
          "stack": false,
          "percentage": false,
          "legend": {
            "show": true,
            "values": false,
            "min": false,
            "max": false,
            "current": false,
            "total": false,
            "avg": false,
            "alignAsTable": false
          },
          "nullPointMode": "null as zero",
          "steppedLine": false,
          "tooltip": {
            "value_type": "individual",
            "shared": true
          },
          "timeFrom": null,
          "timeShift": null,
          "targets": [
            {
              "refId": "A",
              "dsType": "influxdb",
              "resultFormat": "time_series",
              "tags": [
                {
                  "key": "container_name",
                  "operator": "!=",
                  "value": "/"
                }
              ],
              "groupBy": [
                {
                  "type": "time",
                  "params": [
                    "$interval"
                  ]
                },
                {
                  "type": "tag",
                  "params": [
                    "container_name"
                  ]
                },
                {
                  "type": "fill",
                  "params": [
                    "null"
                  ]
                }
              ],
              "select": [
                [
                  {
                    "type": "field",
                    "params": [
                      "value"
                    ]
                  },
                  {
                    "type": "mean",
                    "params": []
                  }
                ]
              ],
              "measurement": "cpu_usage_system",
              "query": "SELECT mean(\"value\") FROM \"cpu_usage_system\" WHERE  $timeFilter GROUP BY time($interval), \"container_name\" fill(null)",
              "rawQuery": true
            }
          ],
          "aliasColors": {
            "cpu_usage_system.mean {container_name: /}": "#7EB26D"
          },
          "seriesOverrides": [
            {
              "alias": "cpu_usage_system.mean {container_name: /}",
              "legend": false
            },
            {
              "alias": "cpu_usage_system.mean {container_name: /docker}",
              "legend": false
            },
            {
              "alias": "cpu_usage_system.mean {container_name: /user/0.user}",
              "legend": false
            },
            {
              "alias": "cpu_usage_system.mean {container_name: /user/0.user}",
              "legend": false
            },
            {
              "alias": "cpu_usage_system.mean {container_name: /user/0.user}",
              "legend": false
            },
            {
              "alias": "cpu_usage_system.mean {container_name: /user/0.user/1.session}",
              "legend": false
            },
            {
              "alias": "cpu_usage_system.mean {container_name: /user/0.user/2.session}",
              "legend": false
            },
            {
              "alias": "cpu_usage_system.mean {container_name: /user}",
              "legend": false
            },
            {
              "alias": "cpu_usage_system.mean {container_name: 5fe5b1b0-d62c-4991-a0b6-07dcd7aab760}",
              "legend": false
            }
          ],
          "links": [],
          "minSpan": 3
        }
      ],
      "title": "Row"
    },
    {
      "title": "New row",
      "height": "250px",
      "editable": true,
      "collapse": false,
      "panels": [
        {
          "title": "Memory Usage",
          "error": false,
          "span": 6,
          "editable": true,
          "type": "graph",
          "isNew": true,
          "id": 3,
          "datasource": null,
          "renderer": "png",
          "x-axis": true,
          "y-axis": true,
          "y_formats": [
            "bytes",
            "bytes"
          ],
          "grid": {
            "leftLogBase": 1,
            "leftMax": null,
            "rightMax": null,
            "leftMin": null,
            "rightMin": null,
            "rightLogBase": 1,
            "threshold1": null,
            "threshold2": null,
            "threshold1Color": "rgba(216, 200, 27, 0.27)",
            "threshold2Color": "rgba(234, 112, 112, 0.22)"
          },
          "lines": true,
          "fill": 1,
          "linewidth": 2,
          "points": false,
          "pointradius": 5,
          "bars": false,
          "stack": false,
          "percentage": false,
          "legend": {
            "show": true,
            "values": false,
            "min": false,
            "max": false,
            "current": false,
            "total": false,
            "avg": false
          },
          "nullPointMode": "connected",
          "steppedLine": false,
          "tooltip": {
            "value_type": "cumulative",
            "shared": true
          },
          "timeFrom": null,
          "timeShift": null,
          "targets": [
            {
              "refId": "A",
              "dsType": "influxdb",
              "resultFormat": "time_series",
              "tags": [],
              "groupBy": [
                {
                  "type": "time",
                  "params": [
                    "$interval"
                  ]
                },
                {
                  "type": "tag",
                  "params": [
                    "container_name"
                  ]
                },
                {
                  "type": "fill",
                  "params": [
                    "null"
                  ]
                }
              ],
              "select": [
                [
                  {
                    "type": "field",
                    "params": [
                      "value"
                    ]
                  },
                  {
                    "type": "mean",
                    "params": []
                  }
                ]
              ],
              "measurement": "memory_usage",
              "query": "SELECT mean(\"value\") FROM \"memory_usage\" WHERE $timeFilter GROUP BY time($interval), \"container_name\" fill(null)",
              "rawQuery": true
            }
          ],
          "aliasColors": {},
          "seriesOverrides": [
            {
              "alias": "memory_usage.mean {container_name: /}",
              "legend": false
            },
            {
              "alias": "memory_usage.mean {container_name: /docker}",
              "legend": false
            },
            {
              "alias": "memory_usage.mean {container_name: /user}",
              "legend": false
            },
            {
              "alias": "memory_usage.mean {container_name: /user/0.user}",
              "legend": false
            },
            {
              "alias": "memory_usage.mean {container_name: /user/0.user}",
              "legend": false
            },
            {
              "alias": "memory_usage.mean {container_name: /user/0.user/1.session}",
              "legend": false
            },
            {
              "alias": "memory_usage.mean {container_name: /user/0.user/2.session}",
              "legend": false
            },
            {
              "alias": "memory_usage.mean {container_name: 5fe5b1b0-d62c-4991-a0b6-07dcd7aab760}",
              "legend": false
            }
          ],
          "links": []
        },
        {
          "title": "Network Transmit / Receive",
          "error": false,
          "span": 6,
          "editable": true,
          "type": "graph",
          "isNew": true,
          "id": 4,
          "datasource": null,
          "renderer": "png",
          "x-axis": true,
          "y-axis": true,
          "y_formats": [
            "Bps",
            "Bps"
          ],
          "grid": {
            "leftLogBase": 1,
            "leftMax": null,
            "rightMax": null,
            "leftMin": null,
            "rightMin": null,
            "rightLogBase": 1,
            "threshold1": null,
            "threshold2": null,
            "threshold1Color": "rgba(216, 200, 27, 0.27)",
            "threshold2Color": "rgba(234, 112, 112, 0.22)"
          },
          "lines": true,
          "fill": 1,
          "linewidth": 2,
          "points": false,
          "pointradius": 5,
          "bars": false,
          "stack": true,
          "percentage": false,
          "legend": {
            "show": true,
            "values": false,
            "min": false,
            "max": false,
            "current": false,
            "total": false,
            "avg": false
          },
          "nullPointMode": "connected",
          "steppedLine": false,
          "tooltip": {
            "value_type": "cumulative",
            "shared": true
          },
          "timeFrom": null,
          "timeShift": null,
          "targets": [
            {
              "refId": "A",
              "dsType": "influxdb",
              "resultFormat": "time_series",
              "tags": [],
              "groupBy": [
                {
                  "type": "time",
                  "params": [
                    "$interval"
                  ]
                },
                {
                  "type": "fill",
                  "params": [
                    "null"
                  ]
                }
              ],
              "select": [
                [
                  {
                    "type": "field",
                    "params": [
                      "value"
                    ]
                  },
                  {
                    "type": "mean",
                    "params": []
                  }
                ]
              ],
              "measurement": "rx_bytes",
              "query": "SELECT mean(\"value\") FROM \"rx_bytes\" WHERE $timeFilter GROUP BY time($interval) fill(null)",
              "rawQuery": true
            },
            {
              "refId": "B",
              "dsType": "influxdb",
              "resultFormat": "time_series",
              "tags": [],
              "groupBy": [
                {
                  "type": "time",
                  "params": [
                    "$interval"
                  ]
                },
                {
                  "type": "fill",
                  "params": [
                    "null"
                  ]
                }
              ],
              "select": [
                [
                  {
                    "type": "field",
                    "params": [
                      "value"
                    ]
                  },
                  {
                    "type": "mean",
                    "params": []
                  }
                ]
              ],
              "measurement": "tx_bytes",
              "query": "SELECT mean(\"value\") FROM \"tx_bytes\" WHERE $timeFilter GROUP BY time($interval) fill(null)",
              "rawQuery": true
            }
          ],
          "aliasColors": {
            "tx_bytes.mean": "#1F78C1",
            "rx_bytes.mean": "#E5AC0E"
          },
          "seriesOverrides": [],
          "links": [],
          "transparent": false
        }
      ]
    }
  ],
  "time": {
    "from": "now-1h",
    "to": "now"
  },
  "timepicker": {
    "now": true,
    "refresh_intervals": [
      "5s",
      "10s",
      "30s",
      "1m",
      "5m",
      "15m",
      "30m",
      "1h",
      "2h",
      "1d"
    ],
    "time_options": [
      "5m",
      "15m",
      "1h",
      "6h",
      "12h",
      "24h",
      "2d",
      "7d",
      "30d"
    ]
  },
  "templating": {
    "list": []
  },
  "annotations": {
    "list": []
  },
  "schemaVersion": 8,
  "version": 11,
  "links": []
}
